Data,ListaOspiti,Conduttore,Show
13/06/2024,"Elly Schlein, Michele Serra, Alessandra Sardoni, Paolo Mieli, Antonio Padellaro, Mario Calabresi, Francesco Cancellato, Marco Furfaro, Italo Bocchino, Donatella Di Cesare, Francesco Giubilei, Daniela Preziosi, Stefano Massini, Tonia Mastrobuoni, Gilles Gressani",Corrado Formigli,Piazza Pulita
03/06/2024,"Elly Schlein, Giuseppe Conte, Tito Boeri, Tomaso Montanari, Alessandra Sardoni, Paolo Milei, Francesco Specchia, Alessandro De Angelis, Ignazio Marino, Dario Nardella, Michela Ponzani, Chiara Appendino, Stefano Massini, Fabio Dragoni, Luca Beatrice",Corrado Formigli,Piazza Pulita
16/05/2024,"Antonio Tajani, Raffaele Cantone, Michele Serra, Selvaggia Lucarelli, Antonio Padellaro, Donatella Di Cesare, Francesco Specchia, Alessandro Cattaneo, Roberto Zaccaria, Chiara Appendino, Stefano Massini, Renato Mannheimer, Ferruccio Sansa, Armando Spataro, Clemente Mastella",Corrado Formigli,Piazza Pulita
09/05/2024,"Roberto Saviano, Alessandra Sardoni, Tito Boeri, Francesca Albanese, Nadia Urbinati, Fabio Dragoni, Raffaella Paita, Sandro Ruotolo, Giorgio Mulè, Vittorio Di Trapani, Maurizio Mannoni, Stefano Massini, Renato Mannheimer, Gherardo Colombo, Giuseppe Santalucia, Renate Schroeder, Ignazio Marino, Bruno Socillo, Ferruccio Sansa, Giampiero Massolo",Corrado Formigli,Piazza Pulita
25/04/2024,"Elly Schlein, Teresa Vergalli, Michele Santoro, Tomaso Montanari, Mario Calabresi, Gilda Sportiello",Corrado Formigli,Piazza Pulita
18/04/2024,"Antonio Tajani, Lilli Gruber, Michele Serra, Monica Guerritore, Gianrico Carofiglio, Matteo Renzi, Carmen Lasorella, Vittoria Baldino, Dario Nardella, Alessandro Gonzato, Alessandro De Angelis, Stefano Massini, Renato Mannheimer, Paola Caridi, Francesco Giubilei, Clementa Mastella, Aldo Schiavone",Corrado Formigli,Piazza Pulita
11/04/2024,"Federico Cafiero De Raho, Maurizio Landini, Paolo Mieli, Luciano Canfora, Barbara Floridia, Nadia Urbinati, Francesco Specchia, Alberto Nerazzini, Clemente Mastella, Chiara Gribaudo, Alessandro Cattaneo, Roberto Zaccaria, Stefano Cappellini, Salvatore Gulisano, Stefano Massini, Renato Mannheimer, Carlo Rossella",Corrado Formigli,Piazza Pulita
04/04/2024,"Romano Prodi, Michele Serra, Ignazio Marino, Mario Calabresi, Carmen Lasorella, Fabio Dragoni, Alberto Nerazzini, Luca Beatrice, David Parenzo, Claudio Tongiorgi, Marta Canuto, Alessandra Moretti, Angelo Bonelli, Davide Tabarelli, Stefano Massini, Renato Mannheimer, Massimo Degli Esposti, Pier Luigi Pellegrini, Alessandra Algostino",Corrado Formigli,Piazza Pulita
21/03/2024,"Antonio Decaro, Michele Serra, Paolo Virzì, Antonio Padellaro, Annamaria Bernardini De Pace, Marwa Mahmoud, Alessandro Cattaneo, Christian Raimo, Paolo Romano, Francesco Giubilei, Ginevra Bompiani, Barbara Alberti, Francesco Cancellato, Dario Nardella, Stefano Massini, Tonia Mastrobuoni, Renato Mannheimer",Corrado Formigli,Piazza Pulita
14/03/2024,"Romano Prodi, Tito Boeri, Barbara Alberti, Vittorio Emanuele Parsi, Federico Rampini",Corrado Formigli,Piazza Pulita
07/03/2024,"Elly Schlein, Alessandra Todde, Michele Serra, Nello Trocchia, Luca Telese, Fabio Dragoni, Francesco Specchia, Alessandro De Angelis, Sara Giudice, Paolo Romano, Giorgio Mulè, Gabriele Pedullà, Giulia Mingozzi, Stefano Massini, Renato Mannheimer",Corrado Formigli,Piazza Pulita
29/02/2024,"Alessandra Todde, Stefano Bonaccini, Gianrico Carofiglio, Massimo Giannini, Tomaso Montanari, Alessandro Cattaneo, Elisabetta Gualmini, Christian Raimo, Alessandro De Angelis, Fabio Dragoni, Gian Micalessin, Antonio Padellaro, Francesco Specchia",Corrado Formigli,Piazza Pulita
22/02/2024,"Vera Politkovskaya, Michele Serra, Tito Boeri, Tomaso Montanari, Marianna Aprile, Donatella Di Cesare, Fabio Dragoni, Francesco Specchia, Mario Calabresi, Giorgio Mulè, Vittoria Baldino, Ismaele La Vardera, Stefano Massini, Renato Mannheimer, Federico Rampini, Francesco Giubilei ",Corrado Formigli,Piazza Pulita
15/02/2024,"Romano Prodi, Selvaggia Lucarelli, Francesca Albanese, Maria Elena Boschi, Roberto Salis, Emiliano Fittipaldi, Antonio Di Bella, Italo Bocchino, Salvatore Cuffaro, Nello Trocchia, Vittoria Baldino, Ismaele La Vardera, Stefano Massini, Renato Mannheimer",Corrado Formigli,Piazza Pulita
01/02/2024,"Nino Di Matteo, Michele Serra, Paolo Mieli, Tomaso Montanari, Tonia Mastrobuoni, Francesco Borgonovo, Alessandra Moretti, Alessandro Cattaneo, Vittoria Baldino, Diego Fusaro, Fabiano Mazzotti, Stefano Massini, Renato Mannheimer, Sergio Barbieri, Chiara Proietti D'Ambra",Corrado Formigli,Piazza Pulita
25/01/2024,"Maurizio Molinari, Carlo Calenda, Chiara Appendino, Roberto Occhiuto, Marianna Aprile, Fabio Dragoni, Tonia Mastrobuoni, Antonio Padellaro, Francesco Specchia",Corrado Formigli,Piazza Pulita
18/01/2024,"Michele Serra, Matteo Renzi, Tito Boeri, Michela Ponzani, Federico Rampini, Mario Calabresi, Roberto Salis, Fabio Dragoni, Marwa Mahmoud, Stefano Allievi, Kamrul Hasan Bhuiyan Sani, Stefano Massini, Renato Mannheimer, Luigi Crespi, Gian Micalessin",Corrado Formigli,Piazza Pulita
11/01/2024,"Romano Prodi, Elly Schlein, Elsa Fornero, Francesco Specchia, Daniela Preziosi, Christian Raimo, Matteo Ricci, Francesco Borgonovo, Nello Trocchia, Vittoria Baldino, Raffaella Paita, Paolo Romano, Gianni Alemanno, Stefano Massini, Renato Mannheimer, Michela Ponzani, Alessandro Cattaneo",Corrado Formigli,Piazza Pulita
14/12/2023,"Romano Prodi, Luigi Di Maio, Michele Serra, Marianna Aprile, Carmen Lasorella, Francesco Specchia, Francesco Borgonovo, Mario Calabresi, Carlo Calenda, Antonio Padellaro, Roberto D'Agostino, Luca Casarini, Damiano Rizzi, Stefano Massini, Roberta Benvenuto, Renato Mannheimer",Corrado Formigli,Piazza Pulita
07/12/2023,"Massimo Giannini, Aldo Cazzullo, Valeria Fonte, Vittorio Sgarbi, Maura Gancitano, Annamaria Bernardini De Pace, Francesco Borgonovo, Alessandro De Angelis, Maria Rachele Ruiu, Francesca Vidali, Leonardo Mendolicchio, Alessandra Moretti, Stefano Massini, Renato Mannheimer, Mario Adinolfi, Roberto Castelli",Corrado Formigli,Piazza Pulita
30/11/2023,"Michele Serra, Nicola Gratteri, Andrea Scanzi, Annalisa Chirico, Emiliano Fittipaldi, Francesco Borgonovo, Marco Furfaro, Giorgio Mulè, Francesca Vidali, Maria Rachele Ruiu, Francesca Cavallo, Sara Giudice, Stefano Massini, Alessandra Moretti, Renato Mannheimer, Flavio Tosi",Corrado Formigli,Piazza Pulita
23/11/2023,"Chiara Valerio, Paolo Crepet, Antonella Viola, Marianna Aprile, Annalisa Chirico, Francesco Borgonovo, Valeria Fonte, Chiara Appendino, Sara Menafra, Tommaso Juhasz, Miriam Falco, Stefano Massini, Maura Gancitano, Armando Spataro, Renato Mannheimer",Corrado Formigli,Piazza Pulita
16/11/2023,"Elly Shlein, Michele Serra, Maria Elena Boschi, Tito Boeri, Alessandra Sardoni, Francesco Specchia, Donatella Di Cesare, Elda Baggio, Vittoria Baldino, Nicola Fratoianni, Raffaello Lupi, Stefano Bandecchi, Stefano Massini, Chantal Meloni, Renato Mannheimer, Clara Mattei",Corrado Formigli,Piazza Pulita
02/11/2023,"Elly Shlein, Marco Minniti, Michele Serra, Marianna Aprile, Francesco Specchia, Francesco Borgonovo, Alessandro Cattaneo",Corrado Formigli,Piazza Pulita
26/10/2023,"David Petraeus, Marco Minniti, Vittorio Sgarbi, Selvaggia Lucarelli, Elsa Fornero, Tito Boeri, Francesco Specchia, Chiara Appendino, Alessandro Cattaneo, Alessio Lasta, Stefano Massini, Renato Mannheimer, Gianfranco Pasquino, Peter Gomez, Vito Procacci",Corrado Formigli,Piazza Pulita
19/10/2023,"Michele Serra, Marco Minniti, Giovanni Floris, Marco Mancini, Laura Boldrini, Alberto Negri, Francesco Borgonovo, Alba Nabulsi, Chantal Meloni, David Parenzo, Izzeddin Elzir, Claudio Cerasa, Stefano Massini, Marianna Aprile, Renato Mannheimer, Moni Ovadia, Daniele Raineri",Corrado Formigli,Piazza Pulita
28/09/2023,"Selvaggia Lucarelli, Paolo Mieli, Tito Boeri, Tomaso Montanari, Flavia Perina, Francesco Specchia, Marco Furfaro, Flavio Tosi, Alessia Morani, Raffaello Lupi, Stefano Bandecchi, Stefano Massini, Camilla Conti, Siegfried Stohr, Alessandro Rapinese, Antonella Bordin, Graziano Lorenzetti, Renato Mannheimer",Corrado Formigli,Piazza Pulita
21/09/2023,"Massimo Gramellini, Stefano Allievi, Alessandro Sallusti, Annalisa Chirico, Emiliano Fittipaldi, Michela Mercuri, Piero Benassi, Ginevra Bompiani, Gian Micalessin, Jean René Bilongo, Stefano Bandecchi, Paolo Romano, Stefano Massini, Francesco Specchia, Flavio Tosi, Gaetano Azzariti, Giorgio Gori, Chiara Saraceno",Corrado Formigli,Piazza Pulita
27/6/2024,"Franco Bernabè, Luca Telese, Beppe Severgnini, Evelina Christillin, Brunella Bolloli",Lilli Gruber,Otto e Mezzo
17/06/2024,"Paolo Mieli, Mariolina Sattanino, Tomaso Montanari, Sebastiano Barisoni",Lilli Gruber,Otto e Mezzo
11/06/2024,"Monica Guerzoni, Paolo Mieli, Massimo Cacciari, Lucio Caracciolo",Lilli Gruber,Otto e Mezzo
10/06/2024,"Lina Palmerini, Massimo Giannini, Mariolina Sattanino, Italo Bocchino, Marco Travaglio",Lilli Gruber,Otto e Mezzo
05/06/2024,"Matteo Salvini, Massimo Giannini",Lilli Gruber,Otto e Mezzo
04/06/2024,"Antonio Padellaro, Italo Bocchino, Monica Guerritore, Lucio Caracciolo",Lilli Gruber,Otto e Mezzo
03/06/2024,"Fabrizio Barca, Riccardo Magi, Brunella Bolloli, Marco Travaglio",Lilli Gruber,Otto e Mezzo
28/05/2024,"Antonio Padellaro, Francesco Specchia, Beppe Severgnini, Emma Ruzzon",Lilli Gruber,Otto e Mezzo
21/05/2024,"Antonio Tajani, Monica Guerzoni, Marco Travaglio",Lilli Gruber,Otto e Mezzo
20/05/2024,"Mariolina Sattanino, Michele Santoro, Ferruccio De Bortoli",Lilli Gruber,Otto e Mezzo
16/05/2024,"Mario Sechi, Lina Palmerini, Andrea Scanzi, Rosi Braidotti",Lilli Gruber,Otto e Mezzo
15/05/2024,"Italo Bocchino, Marco Travaglio, Carlotta Vagnoli, Roberto Salis",Lilli Gruber,Otto e Mezzo
14/05/2024,"Guido Crosetto, Antonio Padellaro",Lilli Gruber,Otto e Mezzo
06/05/2024,"Corrado Augias, Monica Guerzoni, Andrea Scanzi",Lilli Gruber,Otto e Mezzo
02/05/2024,"Massimo Cacciari, Lina Palmerini, Flavia Carlini, Nadia Urbinati",Lilli Gruber,Otto e Mezzo
01/05/2024,"Michela Ponzani, Mario Sechi, Marco Travaglio",Lilli Gruber,Otto e Mezzo
29/04/2024,"Corrado Formigli, Pino Corrias, Beppe Severgnini, Camilla Conti",Lilli Gruber,Otto e Mezzo
24/04/2024,"Maria Rachele Ruiu, Cathy La Torre, Luca Josi, Andrea Scanzi",Lilli Gruber,Otto e Mezzo
23/04/2024,"Rosy Bindi, Marco Travaglio, Francesco Specchia",Lilli Gruber,Otto e Mezzo
22/04/2024,"Italo Bocchino, Monica Guerzoni, Corrado Formigli, Stefano Bonaccini",Lilli Gruber,Otto e Mezzo
18/04/2024,"Italo Bocchino, Tito Boeri, Andrea Scanzi, Alessandra Todde",Lilli Gruber,Otto e Mezzo
17/04/2024,"Paolo Mieli, Stefano Massini, Camilla Conti, Tomaso Montanari",Lilli Gruber,Otto e Mezzo
16/04/2024,"Annalisa Terranova, Marco Travaglio, Luciano Canfora",Lilli Gruber,Otto e Mezzo
15/04/2024,"Pier Luigi Bersani, Massimo Cacciari, Lina Palmerini, Lucio Caracciolo",Lilli Gruber,Otto e Mezzo
10/04/2024,"Pasquale Tridico, Emiliano Fittipaldi, Maurizio De Giovanni, Brunella Bolloli",Lilli Gruber,Otto e Mezzo
04/04/2024,"Michele Santoro, Luca Josi",Lilli Gruber,Otto e Mezzo
03/04/2024,"Italo Bocchino, Massimo Giannini, Monica Guerzoni, Lucio Caracciolo, Marco Travaglio",Lilli Gruber,Otto e Mezzo
02/04/2024,"Paolo Mieli, Lina Palmerini, Marco Travaglio, Safwat Kahlout",Lilli Gruber,Otto e Mezzo
21/03/2024,"Monica Guerzoni, Romano Prodi",Lilli Gruber,Otto e Mezzo
18/03/2024,"Rosy Bindi, Alessandro Giuli, Alessandro De Angelis, Tomaso Montanari",Lilli Gruber,Otto e Mezzo
11/03/2024,"Paolo Mieli, Lina Palmerini, Lucio Caracciolo, Italo Bocchino, Andrea Scanzi",Lilli Gruber,Otto e Mezzo
06/03/2024,"Massimo Cacciari, Evelina Christillin, Marco Travaglio, Federico Rampini",Lilli Gruber,Otto e Mezzo
05/03/2024,"Paolo Mieli, Lina Palmerini, Tomaso Montanari, Francesco Specchia",Lilli Gruber,Otto e Mezzo
28/02/2024,"Pier Luigi Bersani, Aldo Cazzullo, Annalisa Terranova",Lilli Gruber,Otto e Mezzo
27/02/2024,"Alessandro De Angelis, Brunella Bolloli, Alessandra Todde, Marco Travaglio",Lilli Gruber,Otto e Mezzo
26/02/2024,"Massimo Giannini, Lina Palmerini, Italo Bocchino, Giuliano Guida Bardi",Lilli Gruber,Otto e Mezzo
15/02/2024,"Matteo Renzi, Massimo Giannini, Daniela Preziosi",Lilli Gruber,Otto e Mezzo
14/02/2024,"Aldo Cazzullo, Michele Santoro",Lilli Gruber,Otto e Mezzo
12/02/2024,"Massimo Giannini, Paolo Mieli, Mariana Mazzucato, Italo Bocchino",Lilli Gruber,Otto e Mezzo
07/02/2024,"Emiliano Fittipaldi, Paolo Mieli, Alessandro De Angelis, Brunella Bolloli",Lilli Gruber,Otto e Mezzo
06/02/2024,"Annalisa Terranova, Marco Travaglio, Luciano Canfora",Lilli Gruber,Otto e Mezzo
05/02/2024,"Sigfrido Ranucci, Italo Bocchino, Lina Palmerini",Lilli Gruber,Otto e Mezzo
01/02/2024,"Italo Bocchino, Roberto Zaccaria, Beppe Severgnini, Silvia Sciorilli Borrelli",Lilli Gruber,Otto e Mezzo
29/01/2024,"Alessandro Gassman, Massimo Giannini, Evelina Christillin, Alessandro Giuli, Lucio Caracciolo",Lilli Gruber,Otto e Mezzo
25/01/2024,"Dario Nardella, Paolo Mieli, Brunella Bolloli, Andrea Scanzi",Lilli Gruber,Otto e Mezzo
24/01/2024,"Italo Bocchino, Massimo Giannini, Lucio Caracciolo, Flavia Trupia",Lilli Gruber,Otto e Mezzo
23/01/2024,"Pier Luigi Bersani, Camila Conti, Marco Travaglio",Lilli Gruber,Otto e Mezzo
22/01/2024,"Lina Palmerini, Giovanni Floris, Tomaso Montanari, Francesco Specchia",Lilli Gruber,Otto e Mezzo
15/01/2024,"Paolo Mieli, Brunella Bolloli, Tomaso Montanari, Cathy La Torre, Andrea Scanzi",Lilli Gruber,Otto e Mezzo
11/01/2024,"Mario Sechi, Luca Josi, Marco Travaglio, Silvia Sciorilli Borrelli",Lilli Gruber,Otto e Mezzo
10/01/2024,"Giuliano Guida Bardi, Monica Guerzoni, Corrado Formigli, Francesco Specchia",Lilli Gruber,Otto e Mezzo
09/01/2024,"Massimo Giannini, Massimo Cacciari, Camilla Conti",Lilli Gruber,Otto e Mezzo
20/12/2023,"Brunella Bolloli, Paolo Mieli, Andrea Scanzi, Tomaso Montanari",Lilli Gruber,Otto e Mezzo
19/12/2023,"Italo Bocchino, Massimo Giannini, Aldo Cazzullo, Rosi Braidotti",Lilli Gruber,Otto e Mezzo
18/12/2023,"Sabina Guzzanti, Alessandro De Angelis, Alessandro Giuli, Marco Travaglio",Lilli Gruber,Otto e Mezzo
14/12/2023,"Antonio Scurati, Italo Bocchino, Mariolina Sattanino, Emiliano Fittipaldi",Lilli Gruber,Otto e Mezzo
13/12/2023,"Lina Palmerini, Marco Travaglio, Mario Sechi, Marco Alberà",Lilli Gruber,Otto e Mezzo
12/12/2023,"Carlo Calenda, Monica Guerzoni, Massimo Giannini",Lilli Gruber,Otto e Mezzo
06/12/2023,"Anna Bonalume, Mario Sechi, Massimo Giannini, Lucio Caracciolo",Lilli Gruber,Otto e Mezzo
05/12/2023,"Pier Luigi Bersani, Marco Travaglio, Chiara Gibertoni",Lilli Gruber,Otto e Mezzo
04/12/2023,"Corrado Augias, Emiliano Fittipaldi, Flavia Perina",Lilli Gruber,Otto e Mezzo
30/11/2023,"Antonio Padellaro, Gianrico Carofiglio, Brunella Bolloli, Beppe Severgnini",Lilli Gruber,Otto e Mezzo
29/11/2023,"Andrea Orlando, Aldo Cazzullo, Evelina Christillin, Francesco Specchia",Lilli Gruber,Otto e Mezzo
28/11/2023,"Andrea Scanzi, Mario Sechi, Silvia Borrelli, Giuseppe Santalucia",Lilli Gruber,Otto e Mezzo
27/11/2023,"Italo Bocchino, Lina Palmerini, Carlotta Vagnoli, Marco Travaglio",Lilli Gruber,Otto e Mezzo
21/11/2023,"Massimo Giannini, Rosi Braidotti, Mario Sechi, Mario Sechi",Lilli Gruber,Otto e Mezzo
20/11/2023,"Serena Dandini, Marco Travaglio, Francesco Specchia, Carlotta Vagnoli",Lilli Gruber,Otto e Mezzo
16/11/2023,"Paolo Mieli, Cardinal Matteo Zuppi, Marco Travaglio",Lilli Gruber,Otto e Mezzo
15/11/2023,"Mario Sechi, Lucio Caracciolo, Antonio Scurati, Mariolina Sattanino, Tommaso Della Longa",Lilli Gruber,Otto e Mezzo
14/11/2023,"Massimo Giannini, Brunella Bolloli, Vinicio Capossela, Andrea Scanzi",Lilli Gruber,Otto e Mezzo
09/11/2023,"Mario Sechi, Massimo Giannini, Lucio Caracciolo, Lisa De Pieri",Lilli Gruber,Otto e Mezzo
08/11/2023,"Nicola Gratteri, Aldo Cazzullo",Lilli Gruber,Otto e Mezzo
07/11/2023,"Clara Mattei, Italo Bocchino, Lucio Caracciolo, Marco Travaglio",Lilli Gruber,Otto e Mezzo
06/11/2023,"Pier Luigi Bersani, Monica Guerzoni, Sebastiano Barisoni",Lilli Gruber,Otto e Mezzo
02/11/2023,"Mario Sechi, Mariolina Sattanino, Lucio Caracciolo, Andrea Scanzi, Lexus",Lilli Gruber,Otto e Mezzo
30/10/2023,"Alessandro De Angelis, Italo Bocchino, Nadia Urbinati, Lucio Caracciolo",Lilli Gruber,Otto e Mezzo
26/10/2023,"Massimo Cacciari, Monica Guerzoni, Andrea Scanzi, Anna Momigliano",Lilli Gruber,Otto e Mezzo
25/10/2023,"Paolo Mieli, Lina Palmerini, Mario Sechi, Marco Travaglio",Lilli Gruber,Otto e Mezzo
24/10/2023,"Massimo Giannini, Giovanni Di Lorenzo, Giorgia Serughetti, Lucio Caracciolo",Lilli Gruber,Otto e Mezzo
23/10/2023,"Franco Bernabè, Lucio Caracciolo, Italo Bocchino, Nadia Urbinati",Lilli Gruber,Otto e Mezzo
19/10/2023,"Michele Santoro, Yuval Noah Harari",Lilli Gruber,Otto e Mezzo
18/10/2023,"Paolo Mieli, Lucio Caracciolo, Hanan Asharawi",Lilli Gruber,Otto e Mezzo
17/10/2023,"Lucio Caracciolo, Marco Travaglio, Anna Momigliano",Lilli Gruber,Otto e Mezzo
16/10/2023,"Italo Bocchino, Lucio Caracciolo, Lina Palmerini, Manuela Dviri, Andrea Scanzi",Lilli Gruber,Otto e Mezzo
09/10/2023,"Giovanni Floris, Lucio Caracciolo, Elena Basile, Beppe Severgnini, Marco Travaglio",Lilli Gruber,Otto e Mezzo
05/10/2023,"Brunella Bolloli, Paolo Mieli, Tommaso Montari, Giuseppe Santalucia",Lilli Gruber,Otto e Mezzo
04/10/2023,"Mario Sechi, Monica Guerzoni, Andrea Scanzi, Nadia Urbinati",Lilli Gruber,Otto e Mezzo
26/09/2023,"Fabio Volo, Italo Bocchino, Mariolina Sattanino, Marco Travaglio",Lilli Gruber,Otto e Mezzo
25/09/2023,"Rita Lofano, Andrea Scanzi, Massimo Cacciari, Sebastiano Barisoni",Lilli Gruber,Otto e Mezzo
22/09/2023,"Silvia Sciorilli Borrelli, Alessandro De Angelis, Rosi Braidotti, Italo Bocchino",Lilli Gruber,Otto e Mezzo
18/09/2023,"Oscar Farinetti, Massimo Gramellini, Marco Travaglio, Camilla Conti",Lilli Gruber,Otto e Mezzo
13/09/2023,"Franco Bernabè, Lina Palmerini, Diego Bianchi",Lilli Gruber,Otto e Mezzo
12/09/2023,"Evelina Christillin, Marco Travaglio, Massimo Cacciari",Lilli Gruber,Otto e Mezzo
11/09/2023,"Giovanni Floris, Monica Guerzoni, Alessandro Giuli, Pier Luigi Bersani",Lilli Gruber,Otto e Mezzo
14/06/2024,"Renato Natale, Sabina Guzzanti, Andrea Pennacchi, Le Feste Antonacci, Mille, Lina Simons, Renato Natale, Sabina Guzzanti, Andrea Pennacchi, Le Feste Antonacci, Mille, Lina Simons, Filippo Ceccarelli, Paolo Celata, Francesca Schianchi, Costanze Reuscher",Diego Bianchi,Propaganda Live
10/06/2024,"Michela Ponzani, Tahnee Rodriguez, Bendetta Orlando, Filippo Ceccarelli, Paolo Celata, Francesca Schianchi, Costanze Reuscher",Diego Bianchi,Propaganda Live
31/05/2024,"Sandro Veronesi, Gioele Dix, Blonde Redhead, Filippo Ceccarelli, Paolo Celata, Francesca Schianchi, Costanze Reuscher",Diego Bianchi,Propaganda Live
17/05/2024,"La Rappresentante di Lista, I Hate My Village, Antonella Attili, Salvo Di Paola",Diego Bianchi,Propaganda Live
10/05/2024,"Giorgio Parisi, Valerio Aprea, Antonella Attili, Sananda Maitreya",Diego Bianchi,Propaganda Live
03/05/2024,"Francesca Mannocchi, Piero Pelù, Valerio Aprea, Andrea Pennacchi, Benedetta Orlando, Filippo Ceccarelli, Paolo Celata, Constanze Reuscher, Francesca Schianchi",Diego Bianchi,Propaganda Live
19/04/2024,"Elio Germano, Monica Minardi, Tommaso Fabbri, Fatoumata Diawara, Salvo Di Paola, Paolo Celata, Constanze Reuscher, Filippo Ceccarelli, Francesca Schianchi",Diego Bianchi,Propaganda Live
12/04/2024,"Elio, Margherita Vicario, Antonella Attili, Andrea Pennacchi, Salvo Di Paola",Diego Bianchi,Propaganda Live
05/04/2024,"Sabina Guzzanti, Alice Merton, Serena Brancale, Salvo Di Paola, Paolo Celata, Constanze Reuscher, Filippo Ceccarelli, Francesca Schianchi",Diego Bianchi,Propaganda Live
22/03/2024,"Gabriel Garcia Bernal, Francesca Mannocchi, Sabina Guzzanti, Loreena Mckennitt, Valerio Aprea",Diego Bianchi,Propaganda Live
15/03/2024,"Don Luigi Ciotti, Enzo Avitabile, Andrea Pennacchi",Diego Bianchi,Propaganda Live
08/03/2024,"Paolo Virzì, Angelina Mango, Amal Khayal, Sabina Guzzanti, Valerio Aprea, Andrea Pennacchi, Paolo Celata, Constanze Reuscher, Filippo Ceccarelli, Francesca Schianchi",Diego Bianchi,Propaganda Live
01/03/2024,"Paolo Giordano, Marco D'Amore, Rodrigo D'Erasmo, Laufey, Andrea Pennacchi, I Tenores di Bitti",Diego Bianchi,Propaganda Live
23/02/2024,"Margherita Buy, Anggun, Andrea Pennacchi, Paolo Celata, Constanze Reuscher, Filippo Ceccarelli, Francesca Schianchi",Diego Bianchi,Propaganda Live
16/02/2024,"Valerio Aprea, Andrea Pennacchi, Raiz",Diego Bianchi,Propaganda Live
02/02/2024,"Roberto Salis, Giorgio Parisi, Francesca Mannocchi, Tahnee Rodriguez, Paolo Celata, Constanze Reuscher, Filippo Ceccarelli, Francesca Schianchi",Diego Bianchi,Propaganda Live
19/01/2024,"Andrea Pennacchi, Marco Bellocchio, F.F.F.-French Fonck Federation",Diego Bianchi,Propaganda Live
15/12/2023,"Nicola Piovani, Francesca Mannocchi, Vinicio Marchioni, Andrea Pennacchi, Paolo Celata, Constanze Reuscher, Filippo Ceccarelli, Francesca Schianchi",Diego Bianchi,Propaganda Live
08/12/2023,"Antonio Scurati, Antonio Rezza, Sabina Guzzanti, Tosca, Valerio Aprea, Le Karma B",Diego Bianchi,Propaganda Live
01/12/2023,"Francesca Mannocchi, Michele Riondino, Antonio Diodato, Subsonica, Andrea Pennacchi, Paolo Celata, Constanze Reuscher, Filippo Ceccarelli, Francesca Schianchi",Diego Bianchi,Propaganda Live
24/11/2023,"Michela Marzano, Paola Turci, Francesca Mannocchi, Sabina Guzzanti, Annagaia Marchioro, Andrea Pennacchi, Matteo Mancuso, Paolo Celata, Constanze Reuscher, Filippo Ceccarelli, Francesca Schianchi",Diego Bianchi,Propaganda Live
17/11/2023,"Goumar Almoctar ‘Bombino’, Andrea Pennacchi, Paolo Celata, Constanze Reuscher, Filippo Ceccarelli, Francesca Schianchi",Diego Bianchi,Propaganda Live
10/11/2023,"Paola Cortellesi, Benjamin Clementine, Jacopo Intini, Amal Khayal, Valerio Aprea, Andrea Pennacchi, Costanze Reuscher, Francesca Schianchi, Filippo Ceccarelli, Paolo Celata",Diego Bianchi,Propaganda Live
03/11/2023,"Francesca Mannocchi, Sabina Guzzanti, Andrea Pennacchi, Judith Hill, Paolo Celata, Constanze Reuscher, Filippo Ceccarelli, Francesca Schianchi",Diego Bianchi,Propaganda Live
27/10/2023,"Francesca Mannocchi, Sabina Guzzanti, Colapesce & Dimartino, Marcus Miller, Andrea Pennacchi, Paolo Celata, Constanze Reuscher, Filippo Ceccarelli, Francesca Schianchi",Diego Bianchi,Propaganda Live
06/10/2023,"Viola Ardone, Toni Green, Johnny Palomba, Vincenzo Pirrotta",Diego Bianchi,Propaganda Live
29/09/2023,"Don Luigi Ciotti, Sabina Guzzanti, Kula Shaker, Andrea Pennacchi, Constanze Reuscher, Paolo Celata, Filippo Ceccarelli, Francesca Schianchi",Diego Bianchi,Propaganda Live
22/09/2023,"Matteo Garrone, Seydou Sarr, Moustapha Fall, Mamadou Kouassi, Tahnee Rodriguez, Andrea Pennacchi, Valerio Aprea, Paolo Celata, Constanze Reuscher, Filippo Ceccarelli, Francesca Schianchi",Diego Bianchi,Propaganda Live
11/06/2024,"Luca, Paolo, Pierluigi Bersani, Pierferdinando Casini, Massimo Giannini, Elsa Fornero, Alessandro Di Battista, Francesco Storace, Elisabetta Piccolotti, Sergio Rizzo, Corrado Formigli, Alberto Nerazzini, Lella Costa, Matteo Ricci, Achille Totaro, Chiara Giannini, Massimo Corsaro, Ascanio Celestini, Antonio Di Bella, Antonio Padellaro, Nando Pagnoncelli, Bruno Tabacci, Raffaele Nevi, Gianluigi Paragone, Marco Antonellis, Alessandro Cassieri, Alessandro De Angelis, Paride Vitale, Antonio Polito, Marcello Sorgi",Giovanni Floris,Di Martedi
04/06/2024,"Luca, Paolo, Roberto Vecchioni, Massimo Giannini, Giuseppe Conte, Massimo Giannini, Elly Schlein, Lucia Annunziata, Carlo Calenda, Massimo Magliaro, Milena Gabanelli, Sergio Rizzo, Matteo Renzi, Italo Bocchino, Alessandro Di Battista, David Parenzo, Stefano Zurlo, Francesco Giubilei, Achille Totaro, Evelina Christillin, Mariella Stella, Dario Nardella, Elisabetta Piccolotti, Ileana Como, Donatella Di Cesare, Giacomo Mameli, Barbara Gallavotti, Alessandro De Angelis, Gianni Scipione Rossi, Manuela Repetti, Alessandro Zan, Riccardo Magi, Luca Telese, Concetto Vecchio",Giovanni Floris,Di Martedi
28/05/2024,"Luca, Paolo, Michele Santoro, Alessandra Moretti, Alessandro Di Battista, Italo Bocchino, Elisabetta Piccolotti, Ascanio Celestini, Carlo Rossella, Giuseppe Conte, Francesco Storace, Massimo Cacciari, Maurizio Landini, Sergio Rizzo, Achille Totaro, Massimo Corsaro, Alessandro Cattaneo, Chiara Appendino, Ileana Como, Suor Paola Arosio, Lella Costa, Antonio Caprarica, Barbara Gallavotti, Dario Laruffa, Francesco Giubilei, Alessandro Giuli, Antonio Di Bella, Alessandro Zan, Carolina Capria, Gianluca Verzelli, Claudia Conte, Andrea Mancia, Laura Castelli, Matteo Ricci",Giovanni Floris,Di Martedi
21/05/2024,"Pierluigi Bersani, Massimo Gramellini, Elly Schlein, Ascanio Celestini, Italo Bocchino, Sergio Rizzo, Alessandro Di Battista, Francesco Storace, Achille Totaro, Chiara Giannini, Donatella Di Cesare, Vittoria Baldino, Elisabetta Piccolotti, Suor Paola Arosio, Patrizia Carrano, Roberto Salis ",Giovanni Floris,Di Martedi
14/05/2024,"Luca, Paolo, Corrado Augias, Lucia Annunziata, Piero Dorfles, Alessandro Di Battista, Francesco Storace, Massimo Magliaro, Lella Costa, Anna Falcone, Barbara Floridia, Sergio Rizzo, Elly Schlein, Mauro Mazza, Achille Totaro, Massimo Corsaro, Elisabetta Piccolotti, Flavio Fusi, Mariella Stella, Lella Costa, Giacomo Mameli, Emmanuela Bertucci, Barbara Gallavotti, Nando Pagnoncelli, Gianfranco Massolo, Tommaso Cerno, Francesco Giubilei, Bruno Tabacci, Tiare Gatti Mora, Antonio Di Bella, Mario Natangelo",Giovanni Floris,Di Martedi
07/05/2024,"Luca, Paolo, Lilli Gruber, Michele Santoro, Carlo Calenda, Italo Bocchino, Carlo Rossella, Maurizio Landini, Edward Luttwak, Massimo Giannini, Maurizio Landini, Alessandro Di Battista, Francesco Storace, Mauro Mazza, Raffaele Nevi, Chiara Appendino, Marcello Fois, Elisabetta Piccolotti, David Parenzo, Evelina Christillin, Barbara Gallavotti, Achille Totaro, Renata Polverini, Marco Antonellis, Annalisa Corrado, Stefano Balassone, Ileana Como, Antonio Di Bella, Roberto Napoletano, Marino Sinibaldi, Emmanuela Bertucci, Goffredo Bettini, Giorgio Manzi",Giovanni Floris,Di Martedi
30/04/2024,"Ascanio Celestini, Luca, Paolo, Michele Santoro, Pietro Senaldi, Elly Schlein, Alessandro Di Battista, Francesco Storace, Francesco Giubilei, Elisabetta Piccolotti, Eliana Como, Sergio Rizzo, Antonio Padellaro, Massimo Corsaro, Achille Totaro, Lella Costa, Dario Nardella, Marta Collot, Donatella Di Cesare, Stefano Zurlo, Giacomo Mameli, Le Vie dei Canti, Filippo La Porta, Alessandro Cattaneo, Francesco Delzio, Sandro Ruotolo, Tiziana Ferrario, Caterina Capria, Andrea Malaguti, Roberto Seghetti, Giovanni Grasso, Gabriella Greyson",Giovanni Floris,Di Martedi
23/04/2024,"Luca, Paolo, Pierluigi Bersani, Roberto Saviano, Maurizio Landini, Francesco Storace, Pietro Senaldi, Eliana Como, Marco Furfaro, Mariella Stella, Aldo Cazzullo, Alessandro Barbero, Alessandro Di Battista, Italo Bocchino, Massimo Magliaro, Elisabetta Piccolotti, Alessandro De Angelis, Carolina Capria, Ascanio Celestini, Stefano Zurlo, Vinicio Capossela, Piero Dorfles, Flavio Fusi, Achille Totaro, Chiara Giannini, Francesco Giubilei, Mariella Stella, Bruno Tabacci, Paolo Di Paolo, Marta Collot",Giovanni Floris,Di Martedi
16/04/2024,"Luca, Paolo, Corrado Augias, Michele Santoro, Italo Bocchino, Francesco Storace, Alessandra Moretti, Anna Falcone, Mariella Stella, Matteo Ricci, Alessandro Di Battista, Achille Totaro, Massimo Corsaro, Ileana Como, Matteo Ricci, Carolina Capria, Alessandro De Angelis, Donatella Di Cesare, Francesco Storace, Pietro Senaldi, Elisabetta Piccolotti, Anna Falcone, Nando Pagnoncelli, Don Vincenzo Paglia, Antonio Di Bella, Bruno Tabacci, Andrea Mancia, Mariella Stella, Tommaso Giartosio, Goffredo Buccini, Michele Vietti, Tommaso Zanella",Giovanni Floris,Di Martedi
09/04/2024,"Luca, Paolo, Massimo Giannini, Alessandro Di Battista, Italo Bocchino, Massimo Magliaro, Marco Furfaro, Elisabetta Piccolotti, Serena Bortone, Elsa Fornero, Carlo Calenda, Antonio Padellaro, Pierferdinando Casini, Edward Luttwak, Donatella Di Cesare, Achille Totaro, Mauro Mazza, Evelina Christillin, Emanuele Trevi, Serena Bortone,  Stefano Zurlo, padre Enzo Fortunato, Raffaele Nevi, Alessandro Zan, Vittoria Baldino, Alessandro De Angelis, Antonio Di Bella, Riccardo Milani",Giovanni Floris,Di Martedi
02/04/2024,"Lella Costa, Luca, Paolo, Pierluigi Bersani, Francesco Storace, Massimo Corsaro, Antonio Padellaro, Mauro Mazza, Achille Totaro, Alessandro Di Battista, Anna Falcone, Carlo Rossella,Maurizio Landini,Tomaso Montanari, Edward Luttwak, Ileana Como, Stefano Toti, Achille Totaro, Pietro Senaldi, Dario Nardella, Elisabetta Piccolotti, Flavia Carlini, Roberto Salis, Regina De Albertis, Alessandro Cattaneo, Francesco Giubilei, Guendalina Anzolin, Federico Fornaro, Ginevra Bompiani, Dario Laruffa, Pietro Benassi, Claudio Tito, Vasco La Salvia ",Giovanni Floris,Di Martedi
19/03/2024,"Luca, Paolo, Walter Veltroni, Evelina Christillin, Francesco Storace, Massimo Corsaro, Chiara Gribaudo, Lella Costa, Anna Falcone, Massimo Gramellini, Milena Gabanelli, Massimo Cacciari, Carlo Calenda, Alessandro Di Battista, Emanuele Trevi, Giorgio Mulè, Italo Bocchino, Giulia Innocenzi, Elisabetta Piccolotti, Mariella Stella, Marcello Sorgi, Nando Pagnoncelli, Andrea Malaguti, Veronica De Romanis, Matteo Ricci, Raffaele Nevi, Vittoria Morrone, Achille Totaro, Federico Rampini, Luca Telese",Giovanni Floris,Di Martedi
12/03/2024,"Luca, Paolo, Pierluigi Bersani, Michele Santoro, Alessandro Di Battista, Francesco Storace, Giorgio Mulè, Marta Bonafoni, Elisabetta Piccolotti, Leo Gullotta, Carlo Calenda, Roberto Vannacci",Giovanni Floris,Di Martedi
05/03/2024,"Luca, Paolo, Massimo Giannini, Alessandro Di Battista, Marco Furfaro, Anna Falcone, Giulia Innocenzi, Achille Totaro, Francesco Storace, Carlo Rossella, Corrado Augias, Roberto Vecchioni, Carlo Calenda, Stefano Toti, Italo Bocchino, Chiara Giannini, Vittoria Morrone, Francesca Cavallo, Elisabetta Piccolotti, Bruno Tabacci, Giacomo Mameli, David Parenzo, Federico Rampini, Andrea Mancia, Massimo Magliaro, Francesco Giubilei, Benedetta Scuderi, Brando Benifei, Barbara Floridia, Roberto Salis, Paolo Galdieri, Giuliano Guida Bardi",Giovanni Floris,Di Martedi
27/02/2024,"Luca, Paolo, Corrado Augias, Alessandra Todde, Alessandro Di Battista, Giorgio Mulè, Italo Bocchino, Elisabetta Piccolotti, Paolo Romano, Lella Costa, Marcello Fois, Michele Santoro, Giuseppe Conte, Maurizio Landini, Carlo Calenda, Pierferdinando Casini, Francesco Storace, Mauro Mazza, David Parenzo, Donatella Di Cesare, Anna Falcone, Giacomo Mameli, Stefano Zurlo, Antonio Di Bella, Francesco Giubilei, Massimo Magliaro, Gianluca Spadoni, Bruno Tabacci, Ermete Realacci, Daniela Patti, Marta Collot, Massimo Franco",Giovanni Floris,Di Martedi
20/02/2024,"Luca, Paolo, Corrado Augias, Michele Santoro, Alessandro Di Battista, Francesco Storace, Giorgio Mulè, Elisabetta Piccolotti, Donatella Di Cesare, Eliana Como, Dargen D'Amico, Elly Schlein, Pierferdinando Casini, suor Paola Arosio, Italo Bocchino, Mauro Mazza, Dario Nardella, Mariella Stella, Daniela Patti, Marta Collot, Stefano Zurlo, Elsa Fornero, Nando Pagnoncelli, Achille Totaro, Alessandro Cattaneo, Monica Di Pierri, Riccardo Magi, Alessandra Moretti, Dario Laruffa, Fabrizio Gatti, Salvatore Attanasio, Andrea Scazzola ",Giovanni Floris,Di Martedi
13/02/2024,"Luca, Paolo, Massimo Giannini, Alessandro Di Battista, Elisabetta Piccolotti, Chiara Appendino, Francesca Reggiani, Mauro Mazza, Francesco Storace, Maurizio Landini, Elsa Fornero, Sigfrido Ranucci, Massimo Magliaro, Daniela Patti, Alessandro Cattaneo, Anna Falcone, Donatella Di Cesare, Paolo Romano, Stefano Zurlo, Carlo Calenda, Bruno Tabacci, Achille Totaro, Francesco Giubilei, Leonardo Becchetti, Giuliano Guida Bardi, Simona Colarizi, Candida Morvillo, Lorenzo Tosa, Donatella Di Cesare",Giovanni Floris,Di Martedi
06/02/2024,"Luca, Paolo, Pierluigi Bersani, Alessandro Di Battista, Licia Ronzulli, Italo Bocchino, Anna Falcone, Ileana Como, Elisabetta Piccolotti, Roberto Salis, Carlo Rossella, Carlo Calenda, Stefano Bonaccini, Mauro Mazza, Elly Schlein, Maurizio Molinari, Antonio Caprarica, Massimo Corsaro, Donatella Di Cesare, Eliana Como, Paolo Romano, Stefano Meloccaro, Antonio Di Bella, Stefano Zurlo, Nando Pagnoncelli, Paolo Galdieri, Manuela Donghi, Alessandro Cattaneo, Gianni Scipione Rossi, Angelo Bonelli, Matteo Ricci, Michele Ainis, Roberto Napoletano, Paola Tommasi, Andrea Mancia, Laura Del Santo, Stefano Graziano, Bruno Tabacci, Lara Ghiglione, Davide Desario",Giovanni Floris,Di Martedi
23/01/2024,"Luca, Paolo, Corrado Augias, Emanuele Trevi, Massimo Corsaro, Alessandro Cattaneo, Donatella Di Cesare, Roberto Speranza, Cathy La Torre, Michele Santoro, Sergio Castellitto, Maurizio Landini, Alessandro Di Battista, Gianfranco Rotondi, Massimo Magliaro, Beatrice Lorenzin, Luciana Castellina, Elisabetta Piccolotti, Paola Tommasi, Bianca Tedone, Edward Luttwak, Antonio Caprarica, Gianni Scipione Rossi, Dario Laruffa, Alessandro Zan, Francesca Romana D'Antuono, Marco Antonellis, Stefano Zurlo, Achille Occhetto, Roberto Speranza  ",Giovanni Floris,Di Martedi
16/01/2024,"Luca, Paolo, Pierluigi Bersani, Alessandro Di Battista, Massimo Magliaro, Giorgio Mulè, Elisabetta Piccolotti, Lella Costa, Anna Falcone, Antonio Di Bella, Carlo Rossella, Carlo Calenda, Dario Nardella, Italo Bocchino, Mauro Mazza, Licia Ronzulli, Giacomo Mameli, Eliana Como, Marino Sinibaldi, Emmanuela Bertucci, Francesco Giubilei, David Parenzo, Suor Paola Arosio, Giacomo Lasorella, Bruno Tabacci, Giorgia Serughetti, Beatrice Lorenzin, Claudia Conte, Luigi Scordamaglia, Stefano Zurlo, Andrea Prete, Alessandro Barbano",Giovanni Floris,Di Martedi
09/01/2024,"Luca, Paolo, Marco Travaglio, Alessandro Di Battista, Marcello Fois, Giorgio Mulè, Italo Bocchino, Elisabetta Piccolotti, Anna Falcone, Michele Santoro, Jannis Varoufakis, Maurizio Landini, Francesco Giubilei, Massimo Magliaro, Stefano Toti, David Parenzo, Marta Bonafoni, Mariella Stella, Donatella Di Cesare, Antonio Caprarica, Luca Sommi, Antonio Di Bella, Andrea Malaguti, Emmanuela Bertucci, Pietro Orlandi, Marco Travaglio, Nando Pagnoncelli, Andrea Mancia, Francesco Giubilei, Francesco Delzio, Matteo Ricci, Mariella Stella, Antonio Caprarica, Anna Bonalume, Emanuele Fiano",Giovanni Floris,Di Martedi
19/12/2023,"Luca, Paolo, Pierluigi Bersani, Bruno Vespa, Mauro Mazza, Marco Furfaro, Elisabetta Piccolotti, Suor Paola Arosio, Giuseppe Conte, Marco Travaglio, Alessandro Di Battista, Italo Bocchino, Chiara Giannini, Evelina Christillin, Dario Nardella, Eliana Como, Maurizio Mannoni, David Parenzo, Ludina Barzini, Antonio Di Bella, Aldo Cazzullo, Tosca",Giovanni Floris,Di Martedi
12/12/2023,"Luca, Paolo, Corrado Augias, Alessandro Di Battista, Elisabetta Piccolotti, Donatella Di Cesare, Italo Bocchino, Mauro Mazza, Giacomo Mameli, Elly Schlein, Maurizio Molinari, Michele Santoro, Bruno Tabacci, Marta Bonafoni, Eliana Como, Fabio Dragoni, Alessandro Cattaneo, Chiara Giannini, Alan Friedman, Maurizio Mannoni, Elsa Fornero, Stefano Zurlo, Michela Ponzani, Luigi Contu, Giovanni Orsina, Stefano Meloccaro, Tiziana Cignarelli, Mons. Vincenzo Paglia, Luca Bottura",Giovanni Floris,Di Martedi
05/12/2023,"Luca, Paolo, Michele Santoro, suor Paola Arosio, Fabio Dragoni, Alessandro Cattaneo, Gianni Scipione Rossi, Elisabetta Piccolotti, Dario Nardella, Anna Falcone, Pierluigi Bersani, Carlo Calenda, Massimo Magliaro, Stefano Bonaccini, Alessandro Di Battista, Massimo Magliaro, Emmanuela Bertucci, Antonio Caprarica, Filippo La Porta, Mariella Stella, Matteo Ricci, David Parenzo, Antonio Di Bella, Stefano Zurlo, Nando Pagnoncelli, Dario Laruffa, Fulvio Giuliani, Andrea Mancia, Bruno Tabacci, Edoardo Purgatori, Paolo Genovese, Gigliola Cinguetti",Giovanni Floris,Di Martedi
28/11/2023,"Luca, Paolo, Massimo Giannini, Alessandro Di Battista, Mauro Mazza, Italo Bocchino, Francesca Fialdini, Elisabetta Piccolotti, Piercamillo Davigo, Carlo Rossella, Maurizio Landini, Marco Travaglio, Stefano Toti, Fabio Dragoni, Evelina Christillin, Marta Bonafoni, Donatella Di Cesare, Maurizio Mannoni, Donatella Finocchiaro, David Parenzo, Suor Paola Arosio, Stefano Zurlo, Sabino Cassese, Francesco Giubilei, Filippo La Porta, Alessandra Sardoni, Alessandro Zan, Mario Lavia, Paolo Aleotti",Giovanni Floris,Di Martedi
21/11/2023,"Luca, Paolo, Pierluigi Bersani, Eliana Como, Gianni Scipione Rossi, Giorgio Mulè, Anna Falcone, Emanuele Trevi, Michele Santoro, Nicola Gratteri, Alessandro Di Battista, Marta Bonafoni, Bruno Tabacci, Anna Falcone, Mauro Mazza, Francesco Giubilei, Chiara Giannini, Antonio Caprarica, Antonio Di Bella, Michel Martone, Roberto Zaccaria, Paola Tommasi, Barbara Floridia, Bruno Tabacci, Roberto Napoletano, Maurizio Molinari, Renato Soru ",Giovanni Floris,Di Martedi
14/11/2023,"Luca, Paolo, Corrado Augias, Alessandro Di Battista, Dario Nardella, Alessandra Todde, Eliana Como, Massimo Magliaro, Francesco Giubilei, Antonio Di Bella, Bruno Vespa, Italo Bocchino, Elisabetta Piccolotti, Donatella Di Cesare, Massimo Cacciari, Carlo Calenda, Antonio Padellaro, Alessandro Cattaneo, Fabio Granata, Ginevra Bompiani, Barbara Floridia, Maurizio Mannoni, Michel Martone, Chiara Giannini, Laura Del Santo, Andrea Malaguti, Alessandro Genovesi, Pietro Orlandi, Nando Pagnoncelli, Bruno Tabacci, Matteo Ricci, Andrea Mancia, Claudia Conte, Francesco Prudenzano, Federico Rampini, Federico Dolce, Paolo Mieli, Gianna Fregonara",Giovanni Floris,Di Martedi
07/11/2023,"Luca, Paolo, Michele Santoro, Alessandro Di Battista, Mauro Mazza, Licia Ronzulli, Elisabetta Piccolotti, Suor Paola Arosio, Antonio Caprarica, Elly Schlein, Massimo Magliaro, Maurizio Landini, Francesco Giubilei, Fabio Dragoni, Alessandro Cattaneo, Matteo Ricci, Mariolina Castellone, Marino Sinibaldi, Laura Pertici, David Parenzo, Antonio Di Bella, Emmanuela Bertucci, Clara Mattei, Giacomo Mameli, Bruno Tabacci, Benedetta Scuderi, Chiara Giannini, Dario Laruffa, Maurizio Mannoni, Marcello Sorgi, Giuseppe Mazzei, Paolo Galdieri",Giovanni Floris,Di Martedi
31/10/2023,"Luca, Paolo, Massimo Giannini, Alessandro Di Battista, Italo Bocchino, Francesco Giubilei, Elisabetta Piccolotti, Michele Emiliano, Donatella Di Cesare, Antonio Di Bella, Paola Tommasi, Carlo Calenda, Elsa Fornero, Giorgio Mulè, Fabrizio Roncone, Maurizio Mannoni, Massimo Magliaro, Stefano Zurlo, Ileana Como, Dario Nardella, Mariella Stella, Antonio Caprarica, Andrea Zhok, Emmanuela Bertucci, Andrea Mancia, Stefano D'Orsi, Matteo Ricci, Daniela Rondinelli, Angelo D'Orsi, Paolo Di Paolo, Massimo Martinelli, Riccardo Milani",Giovanni Floris,Di Martedi
24/10/2023,"Luca, Paolo, Pierluigi Bersani, Alessandro Di Battista, Italo Bocchino, Elisabetta Piccolotti, Anna Falcone, Michele Santoro, Carlo Rossella, Antonio Padellaro, Mauro Mazza, Francesco Giubilei, Alessandro Cattaneo, David Parenzo, Eliana Como, Ginevra Bompiani, Filippo La Porta, Antonio Di Bella, Stefano Zurlo, Nando Pagnoncelli, Andrea Mancia, Matteo Porru, Sara Manfuso, Francesca Cavallo, Bruno Tabacci, Stefano Meloccaro, Luca Bianchi, Eric Salerno, Fabrizio Roncone",Giovanni Floris,Di Martedi
17/10/2023,"Luca, Paolo, Giuliano Amato, Alessandro Di Battista, Italo Bocchino, Giorgio Mulè, Evelina Christillin, Eliana Como, Elisabetta Piccolotti, Mariella Stella, Antonio Di Bella, Elsa Fornero, Elly Schlein, Claudio Bisio, Alessandro Sallusti, Maurizio Mannoni, Don Beniamino Sacco, Licia Ronzulli, Stefano Toti, Massimo Magliaro, Dario Nardella, Eliana Como, Emmanuela Bertucci, Antonio Caprarica, Donatella Stasio, Dario Laruffa, Francesco Giubilei, Fabio Dragoni, Alessandro Zan, Mirella Serri, Andea Zhok, Paola Caridi, Giovanni Benincasa",Giovanni Floris,Di Martedi
10/10/2023,"Luca, Paolo, Corrado Augias, Antonio Di Bella, Anna Falcone, Elisabetta Piccolotti, Alessandro Di Battista, Mauro Mazza, Alessandro Cattaneo, Fabio Dragoni, Massimo Cacciari, Stefano Bonaccini, Paola Tommasi, Massimo Magliaro, Antonio Caprarica, Stefano Zurlo, Francesco Giubilei, Claudia Conte, David Parenzo, Emmanuela Bertucci, Eliana Como, Vittoria Morrone, Donatella Di Cesare, Maurizio Mannoni, Matteo Ricci, Piercamillo Davigo, Nando Pagnoncelli, Flavio Tosi, Antonio Di Bella, Matteo Ricci, Benedetta Scuderi, Alessandro Sansoni, Bruno Tabacci, Don Filippo Martoriello, Raffaello Lupi, Paolo Di Paolo, Federica Brancaccio, Aldo Cazzullo, Antonio Talia",Giovanni Floris,Di Martedi
03/10/2023,"Massimo Giannini, Luca, Paolo, Elisabetta Piccolotti, Lucia Ronzulli, Alessandro Di Battista, Sabina Guzzanti, Mauro Mazza, Antonio Di Bella, Maurizio Landini, Elsa Fornero, Massimo Magliaro, Dario Nardella, David Parenzo, Fabio Dragoni, Alessandro Cattaneo, Chiara Gribaudo, Barbara Floridia, Francesca Donato, Emanuele Trevi, Piercamillo Davigo, Emmanuela Bertucci, Giulia Stringhini, Manuela Donghi, Bendetta Scuderi, Dario Laruffa, Stefano Meloccaro, Gennaro Sicolo, Andrea Mancia, Marco Valle, Federico Rampini, Gianfranco Rotondi, Ginevra Bompiani, Bruno Tabacci, Roberto Cotroneo",Giovanni Floris,Di Martedi
26/09/2023,"Aldo Cazzullo, Luca, Paolo, Pierluigi Bersani, Maurizio Mannoni, Massimo Magliaro, Mauro Mazza, Giorgio Mulè, Elisabetta Piccolotti, Alessandro Zan, Donatella Di Cesare, Suor Paola Arosio, Carlo Rossella, Carlo Calenda, Massimo Gramellini, Alessandro Di Battista, Italo Bocchino, Fabio Dragoni, Giovanni Toti, Francesco Giubilei, David Parenzo, Bruno Tabacci, Eliana Como, Francesca Cavallo, Filippo La Porta, Emanuela Bertucci, Antonio Caprarica, Stefano Zurlo, Nando Pagnoncelli, Federico Rampini, Alessandro Cattaneo, Paola Tommasi, Matteo Ricci, Simona Colarizi, Leonardo Colombati, Angelo D'Orsi, Marco Antonellis",Giovanni Floris,Di Martedi
19/09/2023,"Luca, Paolo, Corrado Augias, Stefano Bonaccini, Italo Bocchino, Alessandro Dibattista, Donatella Di Cesare, Marco Travaglio, Milena Gabanelli, Massimo Magliaro, Claudia Svampa, Alessandro Cattaneo, Mariella Stella, Frida Giannini, Dario Nardella, Elisabetta Piccolotti, Maurizio Mannoni, Elsa Fornero, Stefano Zurlo, Marino Sinibaldi, Massimo Magliaro, Claudia Svampa, Frida Giannini, I Tenores di Neoneli, Dario Laruffa, Francesco Giubilei, Massimo Magliaro, Bruno Socillo, Constanze Reuscher, Bruno Tabacci, Eliana Como, Barbara Floridia, Giacomo Mameli, Franco Bernini",Giovanni Floris,Di Martedi