Show,ListaOspiti,Count
Propaganda Live,Andrea Pennacchi,19
Propaganda Live,Filippo Ceccarelli,18
Propaganda Live,Francesca Schianchi,18
Propaganda Live,Paolo Celata,18
Propaganda Live,Constanze Reuscher,14
Propaganda Live,Sabina Guzzanti,10
Propaganda Live,Francesca Mannocchi,8
Propaganda Live,Valerio Aprea,8
Propaganda Live,Costanze Reuscher,4
Propaganda Live,Salvo Di Paola,4
Propaganda Live,Antonella Attili,3
Propaganda Live,Tahnee Rodriguez,3
Propaganda Live,Amal Khayal,2
Propaganda Live,Don Luigi Ciotti,2
Propaganda Live,Giorgio Parisi,2
Propaganda Live,Le Feste Antonacci,2
Propaganda Live,Lina Simons,2
Propaganda Live,Mille,2
Propaganda Live,Renato Natale,2
Propaganda Live,Alice Merton,1
Propaganda Live,Angelina Mango,1
Propaganda Live,Anggun,1
Propaganda Live,Annagaia Marchioro,1
Propaganda Live,Antonio Diodato,1
Propaganda Live,Antonio Rezza,1
Propaganda Live,Antonio Scurati,1
Propaganda Live,Bendetta Orlando,1
Propaganda Live,Benedetta Orlando,1
Propaganda Live,Benjamin Clementine,1
Propaganda Live,Blonde Redhead,1
Propaganda Live,Colapesce & Dimartino,1
Propaganda Live,Elio,1
Propaganda Live,Elio Germano,1
Propaganda Live,Enzo Avitabile,1
Propaganda Live,F.F.F.-French Fonck Federation,1
Propaganda Live,Fatoumata Diawara,1
Propaganda Live,Gabriel Garcia Bernal,1
Propaganda Live,Gioele Dix,1
Propaganda Live,Goumar Almoctar ‘Bombino’,1
Propaganda Live,I Hate My Village,1
Propaganda Live,I Tenores di Bitti,1
Propaganda Live,Jacopo Intini,1
Propaganda Live,Johnny Palomba,1
Propaganda Live,Judith Hill,1
Propaganda Live,Kula Shaker,1
Propaganda Live,La Rappresentante di Lista,1
Propaganda Live,Laufey,1
Propaganda Live,Le Karma B,1
Propaganda Live,Loreena Mckennitt,1
Propaganda Live,Mamadou Kouassi,1
Propaganda Live,Marco Bellocchio,1
Propaganda Live,Marco D'Amore,1
Propaganda Live,Marcus Miller,1
Propaganda Live,Margherita Buy,1
Propaganda Live,Margherita Vicario,1
Propaganda Live,Matteo Garrone,1
Propaganda Live,Matteo Mancuso,1
Propaganda Live,Michela Marzano,1
Propaganda Live,Michela Ponzani,1
Propaganda Live,Michele Riondino,1
Propaganda Live,Monica Minardi,1
Propaganda Live,Moustapha Fall,1
Propaganda Live,Nicola Piovani,1
Propaganda Live,Paola Cortellesi,1
Propaganda Live,Paola Turci,1
Propaganda Live,Paolo Giordano,1
Propaganda Live,Paolo Virzì,1
Propaganda Live,Piero Pelù,1
Propaganda Live,Raiz,1
Propaganda Live,Roberto Salis,1
Propaganda Live,Rodrigo D'Erasmo,1
Propaganda Live,Sananda Maitreya,1
Propaganda Live,Sandro Veronesi,1
Propaganda Live,Serena Brancale,1
Propaganda Live,Seydou Sarr,1
Propaganda Live,Subsonica,1
Propaganda Live,Tommaso Fabbri,1
Propaganda Live,Toni Green,1
Propaganda Live,Tosca,1
Propaganda Live,Vincenzo Pirrotta,1
Propaganda Live,Vinicio Marchioni,1
Propaganda Live,Viola Ardone,1
Piazza Pulita,Stefano Massini,23
Piazza Pulita,Renato Mannheimer,20
Piazza Pulita,Francesco Specchia,14
Piazza Pulita,Michele Serra,14
Piazza Pulita,Alessandro Cattaneo,8
Piazza Pulita,Fabio Dragoni,8
Piazza Pulita,Francesco Borgonovo,8
Piazza Pulita,Tito Boeri,8
Piazza Pulita,Antonio Padellaro,6
Piazza Pulita,Marianna Aprile,6
Piazza Pulita,Mario Calabresi,6
Piazza Pulita,Tomaso Montanari,6
Piazza Pulita,Vittoria Baldino,6
Piazza Pulita,Alessandro De Angelis,5
Piazza Pulita,Chiara Appendino,5
Piazza Pulita,Elly Schlein,5
Piazza Pulita,Romano Prodi,5
Piazza Pulita,Alessandra Moretti,4
Piazza Pulita,Alessandra Sardoni,4
Piazza Pulita,Donatella Di Cesare,4
Piazza Pulita,Francesco Giubilei,4
Piazza Pulita,Giorgio Mulè,4
Piazza Pulita,Paolo Mieli,4
Piazza Pulita,Paolo Romano,4
Piazza Pulita,Selvaggia Lucarelli,4
Piazza Pulita,Tonia Mastrobuoni,4
Piazza Pulita,Annalisa Chirico,3
Piazza Pulita,Carmen Lasorella,3
Piazza Pulita,Christian Raimo,3
Piazza Pulita,Dario Nardella,3
Piazza Pulita,Emiliano Fittipaldi,3
Piazza Pulita,Federico Rampini,3
Piazza Pulita,Flavio Tosi,3
Piazza Pulita,Gian Micalessin,3
Piazza Pulita,Ignazio Marino,3
Piazza Pulita,Marco Furfaro,3
Piazza Pulita,Marco Minniti,3
Piazza Pulita,Michela Ponzani,3
Piazza Pulita,Nello Trocchia,3
Piazza Pulita,Stefano Bandecchi,3
Piazza Pulita,Alberto Nerazzini,2
Piazza Pulita,Alessandra Todde,2
Piazza Pulita,Annamaria Bernardini De Pace,2
Piazza Pulita,Antonio Tajani,2
Piazza Pulita,Armando Spataro,2
Piazza Pulita,Barbara Alberti,2
Piazza Pulita,Carlo Calenda,2
Piazza Pulita,Chantal Meloni,2
Piazza Pulita,Clemente Mastella,2
Piazza Pulita,Daniela Preziosi,2
Piazza Pulita,David Parenzo,2
Piazza Pulita,Elly Shlein,2
Piazza Pulita,Elsa Fornero,2
Piazza Pulita,Ferruccio Sansa,2
Piazza Pulita,Francesca Albanese,2
Piazza Pulita,Francesca Vidali,2
Piazza Pulita,Francesco Cancellato,2
Piazza Pulita,Gianrico Carofiglio,2
Piazza Pulita,Ginevra Bompiani,2
Piazza Pulita,Ismaele La Vardera,2
Piazza Pulita,Italo Bocchino,2
Piazza Pulita,Luca Beatrice,2
Piazza Pulita,Maria Elena Boschi,2
Piazza Pulita,Maria Rachele Ruiu,2
Piazza Pulita,Marwa Mahmoud,2
Piazza Pulita,Massimo Giannini,2
Piazza Pulita,Matteo Renzi,2
Piazza Pulita,Maura Gancitano,2
Piazza Pulita,Nadia Urbinati,2
Piazza Pulita,Raffaella Paita,2
Piazza Pulita,Raffaello Lupi,2
Piazza Pulita,Roberto Salis,2
Piazza Pulita,Roberto Zaccaria,2
Piazza Pulita,Sara Giudice,2
Piazza Pulita,Stefano Allievi,2
Piazza Pulita,Valeria Fonte,2
Piazza Pulita,Vittorio Sgarbi,2
Piazza Pulita,Alba Nabulsi,1
Piazza Pulita,Alberto Negri,1
Piazza Pulita,Aldo Cazzullo,1
Piazza Pulita,Aldo Schiavone,1
Piazza Pulita,Alessandra Algostino,1
Piazza Pulita,Alessandro Gonzato,1
Piazza Pulita,Alessandro Rapinese,1
Piazza Pulita,Alessandro Sallusti,1
Piazza Pulita,Alessia Morani,1
Piazza Pulita,Alessio Lasta,1
Piazza Pulita,Andrea Scanzi,1
Piazza Pulita,Angelo Bonelli,1
Piazza Pulita,Antonella Bordin,1
Piazza Pulita,Antonella Viola,1
Piazza Pulita,Antonio Decaro,1
Piazza Pulita,Antonio Di Bella,1
Piazza Pulita,Barbara Floridia,1
Piazza Pulita,Bruno Socillo,1
Piazza Pulita,Camilla Conti,1
Piazza Pulita,Carlo Rossella,1
Piazza Pulita,Chiara Gribaudo,1
Piazza Pulita,Chiara Proietti D'Ambra,1
Piazza Pulita,Chiara Saraceno,1
Piazza Pulita,Chiara Valerio,1
Piazza Pulita,Clara Mattei,1
Piazza Pulita,Claudio Cerasa,1
Piazza Pulita,Claudio Tongiorgi,1
Piazza Pulita,Clementa Mastella,1
Piazza Pulita,Damiano Rizzi,1
Piazza Pulita,Daniele Raineri,1
Piazza Pulita,David Petraeus,1
Piazza Pulita,Davide Tabarelli,1
Piazza Pulita,Diego Fusaro,1
Piazza Pulita,Elda Baggio,1
Piazza Pulita,Elisabetta Gualmini,1
Piazza Pulita,Fabiano Mazzotti,1
Piazza Pulita,Federico Cafiero De Raho,1
Piazza Pulita,Flavia Perina,1
Piazza Pulita,Francesca Cavallo,1
Piazza Pulita,Gabriele Pedullà,1
Piazza Pulita,Gaetano Azzariti,1
Piazza Pulita,Gherardo Colombo,1
Piazza Pulita,Giampiero Massolo,1
Piazza Pulita,Gianfranco Pasquino,1
Piazza Pulita,Gianni Alemanno,1
Piazza Pulita,Gilda Sportiello,1
Piazza Pulita,Gilles Gressani,1
Piazza Pulita,Giorgio Gori,1
Piazza Pulita,Giovanni Floris,1
Piazza Pulita,Giulia Mingozzi,1
Piazza Pulita,Giuseppe Conte,1
Piazza Pulita,Giuseppe Santalucia,1
Piazza Pulita,Graziano Lorenzetti,1
Piazza Pulita,Izzeddin Elzir,1
Piazza Pulita,Jean René Bilongo,1
Piazza Pulita,Kamrul Hasan Bhuiyan Sani,1
Piazza Pulita,Laura Boldrini,1
Piazza Pulita,Leonardo Mendolicchio,1
Piazza Pulita,Lilli Gruber,1
Piazza Pulita,Luca Casarini,1
Piazza Pulita,Luca Telese,1
Piazza Pulita,Luciano Canfora,1
Piazza Pulita,Luigi Crespi,1
Piazza Pulita,Luigi Di Maio,1
Piazza Pulita,Marco Mancini,1
Piazza Pulita,Mario Adinolfi,1
Piazza Pulita,Marta Canuto,1
Piazza Pulita,Massimo Degli Esposti,1
Piazza Pulita,Massimo Gramellini,1
Piazza Pulita,Matteo Ricci,1
Piazza Pulita,Maurizio Landini,1
Piazza Pulita,Maurizio Mannoni,1
Piazza Pulita,Maurizio Molinari,1
Piazza Pulita,Michela Mercuri,1
Piazza Pulita,Michele Santoro,1
Piazza Pulita,Miriam Falco,1
Piazza Pulita,Moni Ovadia,1
Piazza Pulita,Monica Guerritore,1
Piazza Pulita,Nicola Fratoianni,1
Piazza Pulita,Nicola Gratteri,1
Piazza Pulita,Nino Di Matteo,1
Piazza Pulita,Paola Caridi,1
Piazza Pulita,Paolo Crepet,1
Piazza Pulita,Paolo Milei,1
Piazza Pulita,Paolo Virzì,1
Piazza Pulita,Peter Gomez,1
Piazza Pulita,Pier Luigi Pellegrini,1
Piazza Pulita,Piero Benassi,1
Piazza Pulita,Raffaele Cantone,1
Piazza Pulita,Renate Schroeder,1
Piazza Pulita,Roberta Benvenuto,1
Piazza Pulita,Roberto Castelli,1
Piazza Pulita,Roberto D'Agostino,1
Piazza Pulita,Roberto Occhiuto,1
Piazza Pulita,Roberto Saviano,1
Piazza Pulita,Salvatore Cuffaro,1
Piazza Pulita,Salvatore Gulisano,1
Piazza Pulita,Sandro Ruotolo,1
Piazza Pulita,Sara Menafra,1
Piazza Pulita,Sergio Barbieri,1
Piazza Pulita,Siegfried Stohr,1
Piazza Pulita,Stefano Bonaccini,1
Piazza Pulita,Stefano Cappellini,1
Piazza Pulita,Teresa Vergalli,1
Piazza Pulita,Tommaso Juhasz,1
Piazza Pulita,Vera Politkovskaya,1
Piazza Pulita,Vito Procacci,1
Piazza Pulita,Vittorio Di Trapani,1
Piazza Pulita,Vittorio Emanuele Parsi,1
Otto e Mezzo,Marco Travaglio,27
Otto e Mezzo,Italo Bocchino,21
Otto e Mezzo,Lucio Caracciolo,19
Otto e Mezzo,Massimo Giannini,16
Otto e Mezzo,Andrea Scanzi,15
Otto e Mezzo,Lina Palmerini,15
Otto e Mezzo,Paolo Mieli,15
Otto e Mezzo,Mario Sechi,13
Otto e Mezzo,Monica Guerzoni,12
Otto e Mezzo,Brunella Bolloli,11
Otto e Mezzo,Massimo Cacciari,8
Otto e Mezzo,Francesco Specchia,7
Otto e Mezzo,Mariolina Sattanino,7
Otto e Mezzo,Tomaso Montanari,7
Otto e Mezzo,Alessandro De Angelis,6
Otto e Mezzo,Beppe Severgnini,6
Otto e Mezzo,Pier Luigi Bersani,6
Otto e Mezzo,Aldo Cazzullo,5
Otto e Mezzo,Evelina Christillin,5
Otto e Mezzo,Alessandro Giuli,4
Otto e Mezzo,Antonio Padellaro,4
Otto e Mezzo,Camilla Conti,4
Otto e Mezzo,Emiliano Fittipaldi,4
Otto e Mezzo,Michele Santoro,4
Otto e Mezzo,Nadia Urbinati,4
Otto e Mezzo,Rosi Braidotti,4
Otto e Mezzo,Annalisa Terranova,3
Otto e Mezzo,Carlotta Vagnoli,3
Otto e Mezzo,Corrado Formigli,3
Otto e Mezzo,Franco Bernabè,3
Otto e Mezzo,Giovanni Floris,3
Otto e Mezzo,Luca Josi,3
Otto e Mezzo,Sebastiano Barisoni,3
Otto e Mezzo,Silvia Sciorilli Borrelli,3
Otto e Mezzo,Alessandra Todde,2
Otto e Mezzo,Anna Momigliano,2
Otto e Mezzo,Antonio Scurati,2
Otto e Mezzo,Cathy La Torre,2
Otto e Mezzo,Corrado Augias,2
Otto e Mezzo,Giuliano Guida Bardi,2
Otto e Mezzo,Giuseppe Santalucia,2
Otto e Mezzo,Luciano Canfora,2
Otto e Mezzo,Rosy Bindi,2
Otto e Mezzo,Alessandro Gassman,1
Otto e Mezzo,Andrea Orlando,1
Otto e Mezzo,Anna Bonalume,1
Otto e Mezzo,Antonio Tajani,1
Otto e Mezzo,Camila Conti,1
Otto e Mezzo,Cardinal Matteo Zuppi,1
Otto e Mezzo,Carlo Calenda,1
Otto e Mezzo,Chiara Gibertoni,1
Otto e Mezzo,Clara Mattei,1
Otto e Mezzo,Daniela Preziosi,1
Otto e Mezzo,Dario Nardella,1
Otto e Mezzo,Diego Bianchi,1
Otto e Mezzo,Elena Basile,1
Otto e Mezzo,Emma Ruzzon,1
Otto e Mezzo,Fabio Volo,1
Otto e Mezzo,Fabrizio Barca,1
Otto e Mezzo,Federico Rampini,1
Otto e Mezzo,Ferruccio De Bortoli,1
Otto e Mezzo,Flavia Carlini,1
Otto e Mezzo,Flavia Perina,1
Otto e Mezzo,Flavia Trupia,1
Otto e Mezzo,Gianrico Carofiglio,1
Otto e Mezzo,Giorgia Serughetti,1
Otto e Mezzo,Giovanni Di Lorenzo,1
Otto e Mezzo,Guido Crosetto,1
Otto e Mezzo,Hanan Asharawi,1
Otto e Mezzo,Lexus,1
Otto e Mezzo,Lisa De Pieri,1
Otto e Mezzo,Luca Telese,1
Otto e Mezzo,Manuela Dviri,1
Otto e Mezzo,Marco Alberà,1
Otto e Mezzo,Maria Rachele Ruiu,1
Otto e Mezzo,Mariana Mazzucato,1
Otto e Mezzo,Massimo Gramellini,1
Otto e Mezzo,Matteo Renzi,1
Otto e Mezzo,Matteo Salvini,1
Otto e Mezzo,Maurizio De Giovanni,1
Otto e Mezzo,Michela Ponzani,1
Otto e Mezzo,Monica Guerritore,1
Otto e Mezzo,Nicola Gratteri,1
Otto e Mezzo,Oscar Farinetti,1
Otto e Mezzo,Pasquale Tridico,1
Otto e Mezzo,Pino Corrias,1
Otto e Mezzo,Riccardo Magi,1
Otto e Mezzo,Rita Lofano,1
Otto e Mezzo,Roberto Salis,1
Otto e Mezzo,Roberto Zaccaria,1
Otto e Mezzo,Romano Prodi,1
Otto e Mezzo,Sabina Guzzanti,1
Otto e Mezzo,Safwat Kahlout,1
Otto e Mezzo,Serena Dandini,1
Otto e Mezzo,Sigfrido Ranucci,1
Otto e Mezzo,Silvia Borrelli,1
Otto e Mezzo,Stefano Bonaccini,1
Otto e Mezzo,Stefano Massini,1
Otto e Mezzo,Tito Boeri,1
Otto e Mezzo,Tommaso Della Longa,1
Otto e Mezzo,Tommaso Montari,1
Otto e Mezzo,Vinicio Capossela,1
Otto e Mezzo,Yuval Noah Harari,1
Di Martedi,Alessandro Di Battista,34
Di Martedi,Elisabetta Piccolotti,34
Di Martedi,Luca,34
Di Martedi,Paolo,34
Di Martedi,Italo Bocchino,23
Di Martedi,Francesco Giubilei,22
Di Martedi,Massimo Magliaro,22
Di Martedi,Antonio Di Bella,21
Di Martedi,Bruno Tabacci,20
Di Martedi,Donatella Di Cesare,19
Di Martedi,Mauro Mazza,18
Di Martedi,Stefano Zurlo,18
Di Martedi,Achille Totaro,16
Di Martedi,Alessandro Cattaneo,16
Di Martedi,Anna Falcone,16
Di Martedi,Francesco Storace,16
Di Martedi,Eliana Como,15
Di Martedi,Carlo Calenda,14
Di Martedi,David Parenzo,14
Di Martedi,Mariella Stella,14
Di Martedi,Matteo Ricci,14
Di Martedi,Michele Santoro,14
Di Martedi,Antonio Caprarica,12
Di Martedi,Dario Nardella,12
Di Martedi,Maurizio Landini,12
Di Martedi,Nando Pagnoncelli,12
Di Martedi,Pierluigi Bersani,12
Di Martedi,Andrea Mancia,10
Di Martedi,Corrado Augias,10
Di Martedi,Emmanuela Bertucci,10
Di Martedi,Giorgio Mulè,10
Di Martedi,Massimo Giannini,10
Di Martedi,Maurizio Mannoni,10
Di Martedi,Carlo Rossella,9
Di Martedi,Chiara Giannini,9
Di Martedi,Dario Laruffa,9
Di Martedi,Elly Schlein,9
Di Martedi,Elsa Fornero,9
Di Martedi,Giacomo Mameli,9
Di Martedi,Lella Costa,9
Di Martedi,Massimo Corsaro,9
Di Martedi,Fabio Dragoni,8
Di Martedi,Alessandro Zan,7
Di Martedi,Evelina Christillin,7
Di Martedi,Ileana Como,7
Di Martedi,Suor Paola Arosio,7
Di Martedi,Antonio Padellaro,6
Di Martedi,Barbara Floridia,6
Di Martedi,Paola Tommasi,6
Di Martedi,Sergio Rizzo,6
Di Martedi,Alessandro De Angelis,5
Di Martedi,Ascanio Celestini,5
Di Martedi,Emanuele Trevi,5
Di Martedi,Federico Rampini,5
Di Martedi,Filippo La Porta,5
Di Martedi,Gianni Scipione Rossi,5
Di Martedi,Marco Travaglio,5
Di Martedi,Marta Bonafoni,5
Di Martedi,Stefano Toti,5
Di Martedi,Aldo Cazzullo,4
Di Martedi,Andrea Malaguti,4
Di Martedi,Barbara Gallavotti,4
Di Martedi,Claudia Conte,4
Di Martedi,Edward Luttwak,4
Di Martedi,Ginevra Bompiani,4
Di Martedi,Giuseppe Conte,4
Di Martedi,Licia Ronzulli,4
Di Martedi,Marco Antonellis,4
Di Martedi,Marco Furfaro,4
Di Martedi,Marino Sinibaldi,4
Di Martedi,Marta Collot,4
Di Martedi,Massimo Cacciari,4
Di Martedi,Pierferdinando Casini,4
Di Martedi,Pietro Senaldi,4
Di Martedi,Raffaele Nevi,4
Di Martedi,Roberto Salis,4
Di Martedi,Stefano Bonaccini,4
Di Martedi,Stefano Meloccaro,4
Di Martedi,Alessandra Moretti,3
Di Martedi,Benedetta Scuderi,3
Di Martedi,Carolina Capria,3
Di Martedi,Chiara Appendino,3
Di Martedi,Daniela Patti,3
Di Martedi,Francesca Cavallo,3
Di Martedi,Marcello Fois,3
Di Martedi,Marcello Sorgi,3
Di Martedi,Massimo Gramellini,3
Di Martedi,Maurizio Molinari,3
Di Martedi,Milena Gabanelli,3
Di Martedi,Paolo Di Paolo,3
Di Martedi,Paolo Galdieri,3
Di Martedi,Paolo Romano,3
Di Martedi,Piercamillo Davigo,3
Di Martedi,Roberto Napoletano,3
Di Martedi,Vittoria Morrone,3
Di Martedi,Alessandra Todde,2
Di Martedi,Angelo D'Orsi,2
Di Martedi,Beatrice Lorenzin,2
Di Martedi,Bruno Vespa,2
Di Martedi,Chiara Gribaudo,2
Di Martedi,Claudia Svampa,2
Di Martedi,Fabrizio Roncone,2
Di Martedi,Flavio Fusi,2
Di Martedi,Francesco Delzio,2
Di Martedi,Frida Giannini,2
Di Martedi,Gianfranco Rotondi,2
Di Martedi,Giulia Innocenzi,2
Di Martedi,Giuliano Guida Bardi,2
Di Martedi,Laura Del Santo,2
Di Martedi,Luca Telese,2
Di Martedi,Lucia Annunziata,2
Di Martedi,Manuela Donghi,2
Di Martedi,Michel Martone,2
Di Martedi,Piero Dorfles,2
Di Martedi,Pietro Orlandi,2
Di Martedi,Riccardo Magi,2
Di Martedi,Riccardo Milani,2
Di Martedi,Roberto Speranza,2
Di Martedi,Roberto Vecchioni,2
Di Martedi,Serena Bortone,2
Di Martedi,Simona Colarizi,2
Di Martedi,Vittoria Baldino,2
Di Martedi,suor Paola Arosio,2
Di Martedi,Achille Occhetto,1
Di Martedi,Alan Friedman,1
Di Martedi,Alberto Nerazzini,1
Di Martedi,Alessandra Sardoni,1
Di Martedi,Alessandro Barbano,1
Di Martedi,Alessandro Barbero,1
Di Martedi,Alessandro Cassieri,1
Di Martedi,Alessandro Dibattista,1
Di Martedi,Alessandro Genovesi,1
Di Martedi,Alessandro Giuli,1
Di Martedi,Alessandro Sallusti,1
Di Martedi,Alessandro Sansoni,1
Di Martedi,Andea Zhok,1
Di Martedi,Andrea Prete,1
Di Martedi,Andrea Scazzola,1
Di Martedi,Andrea Zhok,1
Di Martedi,Angelo Bonelli,1
Di Martedi,Anna Bonalume,1
Di Martedi,Annalisa Corrado,1
Di Martedi,Antonio Polito,1
Di Martedi,Antonio Talia,1
Di Martedi,Bendetta Scuderi,1
Di Martedi,Bianca Tedone,1
Di Martedi,Brando Benifei,1
Di Martedi,Bruno Socillo,1
Di Martedi,Candida Morvillo,1
Di Martedi,Caterina Capria,1
Di Martedi,Cathy La Torre,1
Di Martedi,Clara Mattei,1
Di Martedi,Claudio Bisio,1
Di Martedi,Claudio Tito,1
Di Martedi,Concetto Vecchio,1
Di Martedi,Constanze Reuscher,1
Di Martedi,Corrado Formigli,1
Di Martedi,Daniela Rondinelli,1
Di Martedi,Dargen D'Amico,1
Di Martedi,Davide Desario,1
Di Martedi,Don Beniamino Sacco,1
Di Martedi,Don Filippo Martoriello,1
Di Martedi,Don Vincenzo Paglia,1
Di Martedi,Donatella Finocchiaro,1
Di Martedi,Donatella Stasio,1
Di Martedi,Edoardo Purgatori,1
Di Martedi,Emanuela Bertucci,1
Di Martedi,Emanuele Fiano,1
Di Martedi,Eric Salerno,1
Di Martedi,Ermete Realacci,1
Di Martedi,Fabio Granata,1
Di Martedi,Fabrizio Gatti,1
Di Martedi,Federica Brancaccio,1
Di Martedi,Federico Dolce,1
Di Martedi,Federico Fornaro,1
Di Martedi,Flavia Carlini,1
Di Martedi,Flavio Tosi,1
Di Martedi,Francesca Donato,1
Di Martedi,Francesca Fialdini,1
Di Martedi,Francesca Reggiani,1
Di Martedi,Francesca Romana D'Antuono,1
Di Martedi,Francesco Prudenzano,1
Di Martedi,Franco Bernini,1
Di Martedi,Fulvio Giuliani,1
Di Martedi,Gabriella Greyson,1
Di Martedi,Gennaro Sicolo,1
Di Martedi,Giacomo Lasorella,1
Di Martedi,Gianfranco Massolo,1
Di Martedi,Gianluca Spadoni,1
Di Martedi,Gianluca Verzelli,1
Di Martedi,Gianluigi Paragone,1
Di Martedi,Gianna Fregonara,1
Di Martedi,Gigliola Cinguetti,1
Di Martedi,Giorgia Serughetti,1
Di Martedi,Giorgio Manzi,1
Di Martedi,Giovanni Benincasa,1
Di Martedi,Giovanni Grasso,1
Di Martedi,Giovanni Orsina,1
Di Martedi,Giovanni Toti,1
Di Martedi,Giulia Stringhini,1
Di Martedi,Giuliano Amato,1
Di Martedi,Giuseppe Mazzei,1
Di Martedi,Goffredo Bettini,1
Di Martedi,Goffredo Buccini,1
Di Martedi,Guendalina Anzolin,1
Di Martedi,I Tenores di Neoneli,1
Di Martedi,Jannis Varoufakis,1
Di Martedi,Lara Ghiglione,1
Di Martedi,Laura Castelli,1
Di Martedi,Laura Pertici,1
Di Martedi,Le Vie dei Canti,1
Di Martedi,Leo Gullotta,1
Di Martedi,Leonardo Becchetti,1
Di Martedi,Leonardo Colombati,1
Di Martedi,Lilli Gruber,1
Di Martedi,Lorenzo Tosa,1
Di Martedi,Luca Bianchi,1
Di Martedi,Luca Bottura,1
Di Martedi,Luca Sommi,1
Di Martedi,Lucia Ronzulli,1
Di Martedi,Luciana Castellina,1
Di Martedi,Ludina Barzini,1
Di Martedi,Luigi Contu,1
Di Martedi,Luigi Scordamaglia,1
Di Martedi,Manuela Repetti,1
Di Martedi,Marco Valle,1
Di Martedi,Mario Lavia,1
Di Martedi,Mario Natangelo,1
Di Martedi,Mariolina Castellone,1
Di Martedi,Massimo Franco,1
Di Martedi,Massimo Martinelli,1
Di Martedi,Matteo Porru,1
Di Martedi,Matteo Renzi,1
Di Martedi,Michela Ponzani,1
Di Martedi,Michele Ainis,1
Di Martedi,Michele Emiliano,1
Di Martedi,Michele Vietti,1
Di Martedi,Mirella Serri,1
Di Martedi,Monica Di Pierri,1
Di Martedi,Mons. Vincenzo Paglia,1
Di Martedi,Nicola Gratteri,1
Di Martedi,Paola Caridi,1
Di Martedi,Paolo Aleotti,1
Di Martedi,Paolo Genovese,1
Di Martedi,Paolo Mieli,1
Di Martedi,Paride Vitale,1
Di Martedi,Patrizia Carrano,1
Di Martedi,Pietro Benassi,1
Di Martedi,Raffaello Lupi,1
Di Martedi,Regina De Albertis,1
Di Martedi,Renata Polverini,1
Di Martedi,Renato Soru,1
Di Martedi,Roberto Cotroneo,1
Di Martedi,Roberto Saviano,1
Di Martedi,Roberto Seghetti,1
Di Martedi,Roberto Vannacci,1
Di Martedi,Roberto Zaccaria,1
Di Martedi,Sabina Guzzanti,1
Di Martedi,Sabino Cassese,1
Di Martedi,Salvatore Attanasio,1
Di Martedi,Sandro Ruotolo,1
Di Martedi,Sara Manfuso,1
Di Martedi,Sergio Castellitto,1
Di Martedi,Sigfrido Ranucci,1
Di Martedi,Stefano Balassone,1
Di Martedi,Stefano D'Orsi,1
Di Martedi,Stefano Graziano,1
Di Martedi,Tiare Gatti Mora,1
Di Martedi,Tiziana Cignarelli,1
Di Martedi,Tiziana Ferrario,1
Di Martedi,Tomaso Montanari,1
Di Martedi,Tommaso Cerno,1
Di Martedi,Tommaso Giartosio,1
Di Martedi,Tommaso Zanella,1
Di Martedi,Tosca,1
Di Martedi,Vasco La Salvia,1
Di Martedi,Veronica De Romanis,1
Di Martedi,Vinicio Capossela,1
Di Martedi,Walter Veltroni,1
Di Martedi,padre Enzo Fortunato,1
